{
  "version": 1,
  "author": "Anonymous maker",
  "editor": "wokwi",
  "parts": [
    { "type": "wokwi-arduino-uno", "id": "uno", "top": 0.6, "left": -0.6, "attrs": {} },
    {
      "type": "wokwi-led",
      "id": "led1",
      "top": -109.2,
      "left": 109.4,
      "attrs": { "color": "magenta" }
    },
    { "type": "wokwi-led", "id": "led2", "top": -109.2, "left": 215, "attrs": { "color": "red" } },
    {
      "type": "wokwi-led",
      "id": "led3",
      "top": -109.2,
      "left": 13.4,
      "attrs": { "color": "cyan" }
    },
    {
      "type": "wokwi-resistor",
      "id": "r1",
      "top": -53.65,
      "left": 48,
      "attrs": { "value": "200" }
    },
    {
      "type": "wokwi-resistor",
      "id": "r2",
      "top": -53.65,
      "left": 259.2,
      "attrs": { "value": "200" }
    },
    {
      "type": "wokwi-resistor",
      "id": "r3",
      "top": -53.65,
      "left": 144,
      "attrs": { "value": "200" }
    },
    {
      "type": "wokwi-pushbutton",
      "id": "btn1",
      "top": -13,
      "left": -134.4,
      "attrs": { "color": "green" }
    },
    {
      "type": "wokwi-resistor",
      "id": "r4",
      "top": 61.55,
      "left": -134.4,
      "attrs": { "value": "200" }
    }
  ],
  "connections": [
    [ "led1:A", "r3:1", "green", [ "v0" ] ],
    [ "led2:A", "r2:1", "green", [ "v0" ] ],
    [ "led3:A", "r1:1", "green", [ "v0" ] ],
    [ "led3:C", "uno:GND.1", "green", [ "v0" ] ],
    [ "led1:C", "uno:GND.1", "green", [ "v0" ] ],
    [ "led2:C", "uno:GND.1", "green", [ "v0" ] ],
    [ "btn1:2.r", "uno:5V", "green", [ "h0" ] ],
    [ "btn1:2.l", "r4:1", "green", [ "h0" ] ],
    [ "r4:2", "uno:GND.2", "green", [ "v0" ] ],
    [ "r1:2", "uno:12", "green", [ "v0" ] ],
    [ "r3:2", "uno:11", "green", [ "v0" ] ],
    [ "r2:2", "uno:2", "green", [ "v0" ] ],
    [ "btn1:1.r", "uno:4", "green", [ "v0" ] ]
  ],
  "dependencies": {}
}