{
  "version": 1,
  "author": "Anonymous maker",
  "editor": "wokwi",
  "parts": [
    { "type": "wokwi-arduino-uno", "id": "uno", "top": 0, "left": 0, "attrs": {} },
    {
      "type": "wokwi-pushbutton",
      "id": "btn1",
      "top": 44.6,
      "left": -182.4,
      "attrs": { "color": "green" }
    },
    {
      "type": "wokwi-pushbutton",
      "id": "btn2",
      "top": 140.6,
      "left": -182.4,
      "attrs": { "color": "green" }
    },
    {
      "type": "wokwi-pushbutton",
      "id": "btn3",
      "top": 236.6,
      "left": -182.4,
      "attrs": { "color": "green" }
    },
    {
      "type": "wokwi-led",
      "id": "led1",
      "top": -166.8,
      "left": -44.2,
      "attrs": { "color": "purple" }
    },
    {
      "type": "wokwi-led",
      "id": "led2",
      "top": -166.8,
      "left": 99.8,
      "attrs": { "color": "orange" }
    },
    {
      "type": "wokwi-led",
      "id": "led3",
      "top": -166.8,
      "left": 253.4,
      "attrs": { "color": "blue" }
    },
    {
      "type": "wokwi-resistor",
      "id": "r1",
      "top": 205.55,
      "left": -316.8,
      "attrs": { "value": "200" }
    },
    {
      "type": "wokwi-resistor",
      "id": "r2",
      "top": 90.35,
      "left": -316.8,
      "attrs": { "value": "200" }
    },
    {
      "type": "wokwi-resistor",
      "id": "r3",
      "top": 311.15,
      "left": -316.8,
      "attrs": { "value": "200" }
    },
    {
      "type": "wokwi-resistor",
      "id": "r4",
      "top": -92.05,
      "left": 19.2,
      "attrs": { "value": "200" }
    },
    {
      "type": "wokwi-resistor",
      "id": "r5",
      "top": -92.05,
      "left": 153.6,
      "attrs": { "value": "200" }
    },
    {
      "type": "wokwi-resistor",
      "id": "r6",
      "top": -92.05,
      "left": 326.4,
      "attrs": { "value": "200" }
    }
  ],
  "connections": [
    [ "led1:A", "r4:1", "green", [ "v0" ] ],
    [ "led2:A", "r5:1", "green", [ "v0" ] ],
    [ "led3:A", "r6:1", "green", [ "v0" ] ],
    [ "led1:C", "uno:GND.1", "green", [ "v105.6", "h144.4" ] ],
    [ "led2:C", "uno:GND.1", "green", [ "v0" ] ],
    [ "led3:C", "uno:GND.1", "green", [ "v105.6", "h-153.2" ] ],
    [ "r4:2", "uno:13", "green", [ "v48", "h46.8" ] ],
    [ "r5:2", "uno:12", "green", [ "v48", "h-78" ] ],
    [ "r6:2", "uno:11", "green", [ "v57.6", "h-241.2" ] ],
    [ "btn1:1.r", "uno:5V", "green", [ "v0", "h105.8", "v153.6", "h172.8" ] ],
    [ "btn2:1.r", "uno:5V", "green", [ "v0", "h96.2", "v67.2", "h182.4" ] ],
    [ "btn3:1.r", "uno:5V", "green", [ "v0", "h278.6" ] ],
    [ "btn1:2.r", "uno:7", "green", [ "h0" ] ],
    [ "btn2:2.r", "uno:6", "green", [ "h0" ] ],
    [ "btn3:2.r", "uno:5", "green", [ "h0" ] ],
    [ "btn1:2.l", "r2:2", "green", [ "h-67.2", "v19.4" ] ],
    [ "btn2:2.l", "r1:2", "green", [ "h-67.2", "v38.6" ] ],
    [ "btn3:2.l", "r3:2", "green", [ "h-57.6", "v48.2" ] ],
    [ "r2:1", "uno:GND.2", "green", [ "v0", "h-28.8", "v259.2", "h518.4" ] ],
    [ "r1:1", "uno:GND.2", "green", [ "v0", "h-19.2", "v153.6", "h508.8" ] ],
    [ "r3:1", "uno:GND.2", "green", [ "v67.2", "h489.6", "v-9.6" ] ]
  ],
  "dependencies": {}
}