{
  "version": 1,
  "author": "Anonymous maker",
  "editor": "wokwi",
  "parts": [
    { "type": "wokwi-arduino-uno", "id": "uno", "top": 0.6, "left": -0.6, "attrs": {} },
    {
      "type": "wokwi-pushbutton",
      "id": "btn1",
      "top": -22.6,
      "left": -105.6,
      "attrs": { "color": "green" }
    },
    {
      "type": "wokwi-pushbutton",
      "id": "btn2",
      "top": 44.6,
      "left": -105.6,
      "attrs": { "color": "green" }
    },
    {
      "type": "wokwi-led",
      "id": "led1",
      "top": -118.8,
      "left": -25,
      "attrs": { "color": "purple" }
    },
    {
      "type": "wokwi-led",
      "id": "led2",
      "top": -118.8,
      "left": 99.8,
      "attrs": { "color": "cyan" }
    },
    {
      "type": "wokwi-led",
      "id": "led3",
      "top": -118.8,
      "left": 224.6,
      "attrs": { "color": "orange" }
    },
    {
      "type": "wokwi-resistor",
      "id": "r1",
      "top": -72.85,
      "left": 19.2,
      "attrs": { "value": "200" }
    },
    {
      "type": "wokwi-resistor",
      "id": "r2",
      "top": -72.85,
      "left": 163.2,
      "attrs": { "value": "200" }
    },
    {
      "type": "wokwi-resistor",
      "id": "r3",
      "top": -72.85,
      "left": 288,
      "attrs": { "value": "200" }
    },
    {
      "type": "wokwi-resistor",
      "id": "r4",
      "top": 13.55,
      "left": -211.2,
      "attrs": { "value": "200" }
    },
    {
      "type": "wokwi-resistor",
      "id": "r5",
      "top": 138.35,
      "left": -211.2,
      "attrs": { "value": "200" }
    }
  ],
  "connections": [
    [ "led1:C", "uno:GND.1", "green", [ "v57.6", "h115.6" ] ],
    [ "led2:C", "uno:GND.1", "green", [ "v0" ] ],
    [ "led3:C", "uno:GND.1", "green", [ "v57.6", "h-124.4" ] ],
    [ "led1:A", "r1:1", "green", [ "v0" ] ],
    [ "led2:A", "r2:1", "green", [ "v0" ] ],
    [ "led3:A", "r3:1", "green", [ "v0" ] ],
    [ "r1:2", "uno:12", "green", [ "v38.4", "h56.4" ] ],
    [ "r2:2", "uno:11", "green", [ "v38.4", "h-78" ] ],
    [ "r3:2", "uno:10", "green", [ "v57.6", "h-193.2" ] ],
    [ "btn1:1.r", "uno:7", "green", [ "v0" ] ],
    [ "btn1:2.l", "r4:2", "green", [ "h-48", "v0.2" ] ],
    [ "btn2:2.r", "uno:6", "green", [ "h0" ] ],
    [ "btn2:2.l", "r5:2", "green", [ "h0" ] ],
    [ "r4:1", "uno:GND.2", "green", [ "v0" ] ],
    [ "r5:1", "uno:GND.2", "green", [ "v0" ] ],
    [ "btn1:2.r", "uno:5V", "green", [ "h0" ] ],
    [ "btn2:1.r", "uno:5V", "green", [ "v0" ] ]
  ],
  "dependencies": {}
}