{
  "version": 1,
  "author": "Anonymous maker",
  "editor": "wokwi",
  "parts": [
    { "type": "wokwi-arduino-uno", "id": "uno", "top": 0, "left": 0, "attrs": {} },
    { "type": "wokwi-led", "id": "led1", "top": -32.4, "left": -73, "attrs": { "color": "red" } },
    { "type": "wokwi-led", "id": "led2", "top": 54, "left": -73, "attrs": { "color": "yellow" } },
    {
      "type": "wokwi-led",
      "id": "led3",
      "top": 150,
      "left": -73,
      "attrs": { "color": "limegreen" }
    },
    {
      "type": "wokwi-led",
      "id": "led4",
      "top": -109.2,
      "left": 205.4,
      "attrs": { "color": "limegreen" }
    },
    {
      "type": "wokwi-led",
      "id": "led5",
      "top": -109.2,
      "left": 119,
      "attrs": { "color": "yellow" }
    },
    {
      "type": "wokwi-led",
      "id": "led6",
      "top": -109.2,
      "left": 42.2,
      "attrs": { "color": "red" }
    },
    {
      "type": "wokwi-led",
      "id": "led7",
      "top": 140.4,
      "left": 330.2,
      "attrs": { "color": "limegreen", "flip": "1" }
    },
    {
      "type": "wokwi-led",
      "id": "led8",
      "top": 63.6,
      "left": 330.2,
      "attrs": { "color": "yellow", "flip": "1" }
    },
    {
      "type": "wokwi-led",
      "id": "led9",
      "top": -22.8,
      "left": 330.2,
      "attrs": { "color": "red", "flip": "1" }
    }
  ],
  "connections": [
    [ "led1:A", "uno:13", "green", [ "v0" ] ],
    [ "led2:A", "uno:12", "green", [ "v0", "h182.4" ] ],
    [ "led3:A", "uno:11", "green", [ "v-9.6", "h192" ] ],
    [ "led6:A", "uno:10", "green", [ "v38.4", "h0" ] ],
    [ "led5:A", "uno:9", "green", [ "v9.6", "h19.2" ] ],
    [ "led4:A", "uno:8", "green", [ "v48", "h-57.6" ] ],
    [ "led9:A", "uno:7", "green", [ "v0", "h-47.6" ] ],
    [ "led8:A", "uno:6", "green", [ "v0", "h-143.6" ] ],
    [ "led7:A", "uno:5", "green", [ "v-48", "h-134" ] ],
    [ "led3:C", "uno:GND.2", "green", [ "v19.2", "h230.8" ] ],
    [ "led2:C", "led3:C", "green", [ "v0" ] ],
    [ "led1:C", "led2:C", "green", [ "v0" ] ],
    [ "led6:C", "uno:GND.1", "green", [ "v57.6", "h58" ] ],
    [ "led5:C", "uno:GND.1", "green", [ "v0", "h-18.8" ] ],
    [ "led4:C", "led5:C", "green", [ "v0", "h-38", "v-48", "h-67.2", "v48" ] ],
    [ "led9:C", "uno:GND.3", "green", [ "v0", "h28.8", "v201.6", "h-201.6" ] ],
    [ "led8:C", "uno:GND.3", "green", [ "v0", "h28.8", "v115.2", "h-201.6", "v-28.8" ] ],
    [ "led7:C", "uno:GND.3", "green", [ "v38.4", "h-172.8" ] ]
  ],
  "dependencies": {}
}